X,structural,cross,high
1,0.680715198,0.524581006,0.286518106
2,0.162196679,0.175418994,0.128635097
3,0.049808429,0.077094972,0.088969359
4,0.020434227,0.048044693,0.064846797
5,0.01532567,0.04301676,0.051030641
6,0.010217114,0.022905028,0.040947075
7,0.010217114,0.020111732,0.033537604
8,0.002554278,0.010055866,0.027576602
9,0.007662835,0.011173184,0.024289694
10 ,0.040868455,0.067597765,0.253649025
