X,structural,cross,high
0.1,0.836526181,0.840223464,0.717994429
0.2,0.022988506,0.051955307,0.132590529
0.3,0.008939974,0.015083799,0.042116992
0.4,0.017879949,0.041899441,0.048245125
0.5,0.006385696,0.005586592,0.014206128
0.6,0.002554278,0.000558659,0.005125348
0.7,0.01532567,0.007821229,0.008690808
0.8,0,0,0.001225627
0.9,0,0.000558659,0.001559889
1,0.089399745,0.036312849,0.028245125
