X,structural,cross,high
0.1,0.707535121,0.57877095,0.474317549
0.2,0.034482759,0.070391061,0.17264624
0.3,0.033205619,0.090502793,0.119610028
0.4,0.038314176,0.07877095,0.09275766
0.5,0.026819923,0.041899441,0.02735376
0.6,0.072796935,0.134078212,0.105069638
0.7,0.022988506,0.004469274,0.00729805
0.8,0.019157088,0,0.000947075
0.9,0.043422733,0.001117318,0
1,0.001277139,0,0
